date,scheme_code,scheme_name,nav
2026-08-12,100218,JM Large Cap Fund (Regular) - IDCW,30.4299
2026-08-12,100219,JM Large Cap Fund (Regular) - Growth Option,156.7553
2026-08-12,100220,JM Aggressive Hybrid Fund (Regular) - IDCW,34.1162
2026-08-12,100221,JM Aggressive Hybrid Fund (Regular) -Growth Option,121.9783
2026-08-12,100222,JM Medium to Long Duration Fund (Regular) - Quarterly IDCW,22.0361
2026-08-12,100223,JM Medium to Long Duration Fund (Regular) - Growth Option,64.8109
2026-08-12,100233,JM Liquid Fund (Regular) - Weekly IDCW,11.0041
2026-08-12,100234,JM Liquid Fund - Growth Option,76.184
2026-08-12,100244,JM Liquid Fund (Regular) - Quarterly IDCW,43.1209
2026-08-12,100247,JM Liquid Fund (Regular) - Super Institutional Plan - Growth Option,43.8052
2026-08-12,100254,JM Value Fund (Regular) - Growth Option,97.0517
2026-08-12,100476,Taurus Flexi Cap Fund - Regular Plan - Growth,237.27
2026-08-12,100477,Taurus Mid Cap Fund - Regular Plan - Growth,128.27
2026-08-12,100480,Taurus ELSS Tax Saver Fund - Regular Plan - Growth,183.80
2026-08-12,100593,CANARA ROBECO ELSS TAX SAVER - REGULAR PLAN -IDCW (Payout),48.6500
2026-08-12,100596,CANARA ROBECO GILT FUND - REGULAR PLAN - IDCW (Payout/Reinvestment),14.8111
2026-08-12,100597,CANARA ROBECO GILT FUND - REGULAR PLAN - GROWTH OPTION,77.1155
2026-08-12,100600,CANARA ROBECO CONSERVATIVE HYBRID FUND - REGULAR PLAN - MONTHLY IDCW (Payout/Reinvestment),12.4055
2026-08-12,100601,CANARA ROBECO CONSERVATIVE HYBRID FUND - REGULAR PLAN - GROWTH OPTION,100.2762
2026-08-12,101078,JM Liquid Fund (Regular) - Daily IDCW,10.4302
2026-08-12,101181,JM Medium to Long Duration Fund (Regular) - Bonus Option- Principal Units,26.516
2026-08-12,101209,Taurus Large Cap Fund - Regular Plan - Growth,167.97
2026-08-12,101549,JM Liquid Fund (Regular) - Bonus Option - Principal Units,24.3944
2026-08-12,101587,CANARA ROBECO INCOME FUND - REGULAR PLAN - QUARTERLY IDCW (Payout/Reinvestment),14.7201
2026-08-12,101588,CANARA ROBECO INCOME FUND - REGULAR PLAN - GROWTH OPTION,57.2258
2026-08-12,101593,HSBC Large Cap Fund - Regular IDCW,43.0246
2026-08-12,101594,HSBC Large Cap Fund - Regular Growth,485.6916
2026-08-12,101685,HSBC Medium to Long Duration Fund - Regular Growth,43.9601
2026-08-12,101686,HSBC Medium to Long Duration Fund - Regular Quarterly IDCW,10.7146
2026-08-12,101805,JM Dynamic Bond Fund (Regular) - IDCW,43.5461
2026-08-12,101806,JM Dynamic Bond Fund (Regular) - Growth Option,43.41
2026-08-12,101922,CANARA ROBECO FLEXICAP FUND - REGULAR PLAN - GROWTH OPTION,348.4800
2026-08-12,101923,CANARA ROBECO FLEXICAP FUND - REGULAR PLAN - IDCW (Payout/Reinvestment),60.6900
2026-08-12,102251,HSBC Flexi Cap Fund - Regular IDCW,44.1801
2026-08-12,102252,HSBC Flexi Cap Fund - Regular Growth,236.4022
2026-08-12,102260,HSBC Conservative Hybrid Fund - Regular Monthly IDCW,12.9335
2026-08-12,102261,HSBC Conservative Hybrid Fund - Regular Quarterly IDCW,17.0509
2026-08-12,102262,HSBC Conservative Hybrid Fund - Regular Growth,64.0556
2026-08-12,102913,CANARA ROBECO SAVINGS FUND - REGULAR PLAN - GROWTH OPTION,45.1051
2026-08-12,102914,CANARA ROBECO SAVINGS FUND - REGULAR PLAN - IDCW (Payout/Reinvestment),37.5796
2026-08-12,102915,CANARA ROBECO SAVINGS FUND - REGULAR PLAN - WEEKLY IDCW (Payout/Reinvestment),10.2600
2026-08-12,102920,CANARA ROBECO LARGE AND MID CAP FUND - REGULAR PLAN - GROWTH OPTION,260.9000
2026-08-12,102921,CANARA ROBECO LARGE AND MID CAP FUND - REGULAR PLAN - IDCW (Payout/Reinvestment),84.7400
2026-08-12,103389,CANARA ROBECO INFRASTRUCTURE FUND - REGULAR PLAN - IDCW (Payout/Reinvestment),65.2700
2026-08-12,103390,CANARA ROBECO INFRASTRUCTURE FUND - REGULAR PLAN - GROWTH OPTION,170.0400
2026-08-12,103780,JM Arbitrage Fund (Regular) - Growth Option,34.6596
2026-08-12,103781,JM Arbitrage Fund (Regular) - IDCW,16.0868
2026-08-12,104559,CANARA ROBECO SAVINGS FUND - REGULAR PLAN - DAILY IDCW (Reinvestment),10.2600
2026-08-12,105417,Taurus Infrastructure Fund - Regular Plan - Growth,64.19
2026-08-12,105418,Taurus Infrastructure Fund - Regular Plan - Payout of Income Distribution cum Capital Withdrawal option,60.29
2026-08-12,105637,JM Dynamic Bond Fund (Regular) - Weekly IDCW,10.5496
2026-08-12,105639,JM Dynamic Bond Fund (Regular) - Daily IDCW,10.0539
2026-08-12,106166,CANARA ROBECO EQUITY HYBRID FUND - REGULAR PLAN - GROWTH OPTION,374.3000
2026-08-12,106167,CANARA ROBECO EQUITY HYBRID FUND - REGULAR PLAN - MONTHLY IDCW (Payout/Reinvestment),93.4400
2026-08-12,106168,JM Value Fund (Regular) - IDCW,67.77
2026-08-12,107287,JM ELSS Tax Saver Fund (Regular) - IDCW,53.1408
2026-08-12,107288,JM ELSS Tax Saver Fund (Regular) - Growth option,53.1416
2026-08-12,107409,JM Focused Fund (Regular) - IDCW,20.8117
2026-08-12,107410,JM Focused Fund (Regular) - Growth Option,20.8125
2026-08-12,108402,Taurus ELSS Tax Saver Fund - Regular Plan - Payout of Income Distribution cum Capital Withdrawal option,86.10
2026-08-12,108403,Taurus Large Cap Fund - Regular Plan - Payout of Income Distribution cum Capital Withdrawal option,73.58
2026-08-12,109349,CANARA ROBECO LIQUID FUND - REGULAR PLAN - DAILY IDCW (Reinvestment),1005.5000
2026-08-12,109350,CANARA ROBECO LIQUID FUND - REGULAR PLAN - WEEKLY IDCW (Payout/Reinvestment),1000.4651
2026-08-12,109351,CANARA ROBECO LIQUID FUND - REGULAR PLAN - MONTHLY IDCW (Payout/Reinvestment),1002.9520
2026-08-12,109353,CANARA ROBECO LIQUID FUND - REGULAR PLAN - GROWTH OPTION,3364.4065
2026-08-12,109366,CANARA ROBECO ULTRA SHORT TERM FUND - REGULAR PLAN - WEEKLY IDCW (Payout/Reinvestment),1240.7100
2026-08-12,109370,CANARA ROBECO ULTRA SHORT TERM FUND - REGULAR PLAN - MONTHLY IDCW (Payout/Reinvestment),1003.8472
2026-08-12,109371,CANARA ROBECO ULTRA SHORT TERM FUND - REGULAR PLAN - GROWTH OPTION,4051.6887
2026-08-12,109372,CANARA ROBECO ULTRA SHORT TERM FUND - REGULAR PLAN - DAILY IDCW (Reinvestment),1240.7100
2026-08-12,109522,JM Flexicap Fund (Regular) - Growth option,101.6796
2026-08-12,109523,JM Flexicap Fund (Regular) - IDCW,78.352
2026-08-12,111640,Taurus Flexi Cap Fund - Regular Plan - Payout of Income Distribution cum Capital Withdrawal option,115.14
2026-08-12,111642,Taurus Mid Cap Fund - Regular Plan - Payout of Income Distribution cum Capital Withdrawal option,114.34
2026-08-12,111722,CANARA ROBECO ELSS TAX SAVER - REGULAR PLAN - GROWTH OPTION,181.8800
2026-08-12,111787,Taurus Ethical Fund - Regular Plan - Growth,130.55
2026-08-12,111788,Taurus Ethical Fund - Regular Plan - Payout of Income Distribution cum Capital Withdrawal option,88.25
2026-08-12,111903,Taurus Ethical Fund -  Regular Plan - Bonus Option,130.53
2026-08-12,111962,CANARA ROBECO DYNAMIC BOND FUND - REGULAR PLAN - GROWTH OPTION,29.9220
2026-08-12,111963,CANARA ROBECO DYNAMIC BOND FUND - REGULAR PLAN - IDCW (Payout/Reinvestment),13.3509
2026-08-12,112152,CANARA ROBECO CONSUMPTION FUND - REGULAR PLAN - GROWTH OPTION,109.9600
2026-08-12,112153,CANARA ROBECO CONSUMPTION FUND - REGULAR PLAN - IDCW (Payout/Reinvestment),44.9200
2026-08-12,112378,CANARA ROBECO CONSERVATIVE HYBRID FUND - REGULAR PLAN - QUARTERLY IDCW (Payout/Reinvestment),13.5785
2026-08-12,112948,Taurus Nifty 50 Index Fund - Regular Plan - Growth,46.4898
2026-08-12,112949,Taurus Nifty 50 Index Fund - Regular Plan - Payout of Income Distribution cum Capital Withdrawal option,29.6411
2026-08-12,113144,CANARA ROBECO SAVINGS FUND - REGULAR PLAN - MONTHLY IDCW (Payout/Reinvestment),10.2940
2026-08-12,113221,CANARA ROBECO LARGE CAP FUND - REGULAR PLAN - GROWTH OPTION,62.8000
2026-08-12,113222,CANARA ROBECO LARGE CAP FUND - REGULAR PLAN - IDCW (Payout/Reinvestment),29.0100
2026-08-12,115077,CANARA ROBECO SHORT DURATION FUND - REGULAR PLAN - GROWTH OPTION,26.8950
2026-08-12,115078,CANARA ROBECO SHORT DURATION FUND - REGULAR PLAN - MONTHLY IDCW (Payout/Reinvestment),15.8303
2026-08-12,115079,CANARA ROBECO SHORT DURATION FUND - REGULAR PLAN - QUARTERLY IDCW (Payout/Reinvestment),15.4962
2026-08-12,117312,Taurus Banking & Financial Services Fund - Regular Plan - Growth,53.23
2026-08-12,117313,Taurus Banking & Financial Services Fund - Regular Plan - Payout of Income Distribution cum Capital Withdrawal option,47.65
2026-08-12,118267,CANARA ROBECO INFRASTRUCTURE FUND - DIRECT PLAN - GROWTH OPTION,193.7700
2026-08-12,118268,CANARA ROBECO INFRASTRUCTURE FUND - DIRECT PLAN - IDCW (Payout/Reinvestment),92.5200
2026-08-12,118269,CANARA ROBECO LARGE CAP FUND - DIRECT PLAN - GROWTH OPTION,73.4600
2026-08-12,118270,CANARA ROBECO LARGE CAP FUND - DIRECT PLAN - IDCW (Payout/Reinvestment),53.5400
2026-08-12,118271,CANARA ROBECO EQUITY HYBRID FUND - DIRECT PLAN - MONTHLY IDCW (Payout/Reinvestment),133.0700
2026-08-12,118272,CANARA ROBECO EQUITY HYBRID FUND - DIRECT PLAN - GROWTH OPTION,428.5900
2026-08-12,118273,CANARA ROBECO CONSUMPTION FUND - DIRECT PLAN - GROWTH OPTION,128.1100
2026-08-12,118274,CANARA ROBECO CONSUMPTION FUND - DIRECT PLAN - IDCW (Payout/Reinvestment),83.1500
2026-08-12,118275,CANARA ROBECO FLEXICAP FUND - DIRECT PLAN - GROWTH OPTION,395.6000
2026-08-12,118276,CANARA ROBECO FLEXICAP FUND - DIRECT PLAN - IDCW (Payout/Reinvestment),93.3800
2026-08-12,118277,CANARA ROBECO LARGE AND MID CAP FUND - DIRECT PLAN - IDCW (Payout/Reinvestment),130.3400
2026-08-12,118278,CANARA ROBECO LARGE AND MID CAP FUND - DIRECT PLAN - GROWTH OPTION,302.0200
2026-08-12,118281,CANARA ROBECO INCOME FUND - DIRECT PLAN - QUARTERLY IDCW (Payout/Reinvestment),16.9839
2026-08-12,118282,CANARA ROBECO INCOME FUND - DIRECT PLAN - GROWTH OPTION,64.9761
2026-08-12,118283,CANARA ROBECO DYNAMIC BOND FUND - DIRECT PLAN - IDCW (Payout/Reinvestment),15.0723
2026-08-12,118284,CANARA ROBECO DYNAMIC BOND FUND - DIRECT PLAN - GROWTH OPTION,33.3954
2026-08-12,118285,CANARA ROBECO ELSS TAX SAVER - DIRECT PLAN - GROWTH OPTION,205.7200
2026-08-12,118286,CANARA ROBECO ELSS TAX SAVER - DIRECT PLAN - IDCW (Payout),79.7600
2026-08-12,118291,CANARA ROBECO SAVINGS FUND - DIRECT PLAN - GROWTH OPTION,46.4909
2026-08-12,118292,CANARA ROBECO SAVINGS FUND - DIRECT PLAN - IDCW (Payout/Reinvestment),38.6274
2026-08-12,118293,CANARA ROBECO SAVINGS FUND - DIRECT PLAN - DAILY IDCW (Reinvestment),10.2600
2026-08-12,118294,CANARA ROBECO SAVINGS FUND - DIRECT PLAN - WEEKLY IDCW (Payout/Reinvestment),10.2600
2026-08-12,118295,CANARA ROBECO SAVINGS FUND - DIRECT PLAN - MONTHLY IDCW (Payout/Reinvestment),10.2950
2026-08-12,118298,CANARA ROBECO GILT FUND - DIRECT PLAN - IDCW (Payout/Reinvestment),16.2872
2026-08-12,118299,CANARA ROBECO GILT FUND - DIRECT PLAN - GROWTH OPTION,83.7361
2026-08-12,118304,CANARA ROBECO LIQUID FUND - DIRECT PLAN - IDCW (Payout/Reinvestment),2254.1637
2026-08-12,118305,CANARA ROBECO LIQUID FUND - DIRECT PLAN - GROWTH OPTION,3386.7177
2026-08-12,118306,CANARA ROBECO LIQUID FUND - DIRECT PLAN - MONTHLY IDCW (Payout/Reinvestment),1003.1733
2026-08-12,118307,CANARA ROBECO LIQUID FUND - DIRECT PLAN - DAILY IDCW (Reinvestment),1005.5000
2026-08-12,118308,CANARA ROBECO LIQUID FUND - DIRECT PLAN - WEEKLY IDCW (Payout/Reinvestment),1000.4651
2026-08-12,118309,CANARA ROBECO CONSERVATIVE HYBRID FUND - DIRECT PLAN - GROWTH OPTION,116.4861
2026-08-12,118310,CANARA ROBECO CONSERVATIVE HYBRID FUND - DIRECT PLAN - QUARTERLY IDCW (Payout/Reinvestment),16.3165
2026-08-12,118311,CANARA ROBECO CONSERVATIVE HYBRID FUND - DIRECT PLAN - MONTHLY IDCW (Payout/Reinvestment),16.1618
2026-08-12,118315,CANARA ROBECO ULTRA SHORT TERM FUND - DIRECT PLAN - DAILY IDCW (Reinvestment),1240.7100
2026-08-12,118316,CANARA ROBECO ULTRA SHORT TERM FUND - DIRECT PLAN - WEEKLY IDCW (Payout/Reinvestment),1240.7100
2026-08-12,118317,CANARA ROBECO ULTRA SHORT TERM FUND - DIRECT PLAN - GROWTH OPTION,4338.0514
2026-08-12,118318,CANARA ROBECO ULTRA SHORT TERM FUND - DIRECT PLAN - MONTHLY IDCW (Payout/Reinvestment),1004.0662
2026-08-12,118319,CANARA ROBECO ULTRA SHORT TERM FUND - DIRECT PLAN - IDCW (Payout/Reinvestment),2308.9169
2026-08-12,118320,CANARA ROBECO SHORT DURATION FUND - DIRECT PLAN - GROWTH OPTION,29.5467
2026-08-12,118321,CANARA ROBECO SHORT DURATION FUND - DIRECT PLAN - MONTHLY IDCW (Payout/Reinvestment),18.5174
2026-08-12,118322,CANARA ROBECO SHORT DURATION FUND - DIRECT PLAN - QUARTERLY IDCW (Payout/Reinvestment),17.3342
2026-08-12,118866,Taurus ELSS Tax Saver Fund - Direct Plan - Growth,201.68
2026-08-12,118867,Taurus ELSS Tax Saver Fund - Direct Plan - Payout of Income Distribution cum Capital Withdrawal option,92.95
2026-08-12,118868,Taurus Banking & Financial Services Fund - Direct Plan - Growth,59.97
2026-08-12,118869,Taurus Banking & Financial Services Fund - Direct Plan - Payout of Income Distribution cum Capital Withdrawal option,59.27
2026-08-12,118870,Taurus Large Cap Fund - Direct Plan - Growth,178.10
2026-08-12,118871,Taurus Large Cap Fund - Direct Plan - Payout of Income Distribution cum Capital Withdrawal option,78.44
2026-08-12,118872,Taurus Mid Cap Fund - Direct Plan - Growth,136.08
2026-08-12,118873,Taurus Mid Cap Fund - Direct Plan - Payout of Income Distribution cum Capital Withdrawal option,120.88
2026-08-12,118876,Taurus Ethical Fund - Direct Plan - Growth,149.30
2026-08-12,118877,Taurus Ethical Fund - Direct Plan - Payout of Income Distribution cum Capital Withdrawal option,100.23
2026-08-12,118878,Taurus Ethical Fund-Direct Plan-Bonus Option #,48.93
2026-08-12,118879,Taurus Infrastructure Fund - Direct Plan - Growth,69.28
2026-08-12,118880,Taurus Infrastructure Fund - Direct Plan - Payout of Income Distribution cum Capital Withdrawal option,64.53
2026-08-12,118881,Taurus Nifty 50 Index Fund - Direct Plan - Growth,49.6605
2026-08-12,118882,Taurus Nifty 50 Index Fund - Direct Plan - Payout of Income Distribution cum Capital Withdrawal option,46.4766
2026-08-12,118883,Taurus Flexi Cap Fund - Direct Plan - Growth,247.03
2026-08-12,118884,Taurus Flexi Cap Fund - Direct Plan -  Payout of Income Distribution cum Capital Withdrawal option,124.63
2026-08-12,118901,HSBC Liquid Fund - Regular Daily IDCW,1001.3789
2026-08-12,118902,HSBC Liquid Fund - Regular Growth,2786.5431
2026-08-12,118903,HSBC Liquid Fund - Regular Monthly IDCW,1005.1476
2026-08-12,118904,HSBC Liquid Fund - Regular Weekly IDCW,1107.5954
2026-08-12,118906,HSBC Liquid Fund - IDCW,1019.3
2026-08-12,118907,HSBC Liquid Fund - Growth,4020.4363
2026-08-12,118908,HSBC Liquid Fund - Weekly IDCW,1001.4218
2026-08-12,118909,HSBC Liquid Fund - Institutional Daily IDCW,1562.8262
2026-08-12,120029,HSBC Large Cap Fund - Direct IDCW,40.7329
2026-08-12,120030,HSBC Large Cap Fund - Direct Growth,544.3988
2026-08-12,120037,HSBC Liquid Fund - Direct Daily IDCW,1001.576
2026-08-12,120038,HSBC Liquid Fund -  Growth Direct,2815.4171
2026-08-12,120039,HSBC Liquid Fund - Direct Monthly IDCW,1040.8763
2026-08-12,120040,HSBC Liquid Fund - Direct Weekly IDCW,1195.298
2026-08-12,120045,HSBC Flexi Cap Fund - Direct IDCW,48.4205
2026-08-12,120046,HSBC Flexi Cap Fund - Direct Growth,265.8313
2026-08-12,120059,HSBC Medium to Long Duration Fund - Direct Growth,49.1754
2026-08-12,120073,HSBC Conservative Hybrid Fund - Direct Growth,72.423
2026-08-12,120074,HSBC Conservative Hybrid Fund - Direct Monthly IDCW,17.4449
2026-08-12,120075,HSBC Conservative Hybrid Fund - Direct Quarterly IDCW,15.1085
2026-08-12,120101,HSBC Medium to Long Duration Fund - Direct Quarterly IDCW,10.5612
2026-08-12,120406,JM Liquid Fund (Direct) - Growth Option,77.0853
2026-08-12,120407,JM Liquid Fund (Direct) - Weekly IDCW,11.0067
2026-08-12,120408,JM Liquid Fund (Direct) - Quarterly IDCW,43.7645
2026-08-12,120411,JM Liquid Fund (Direct) - Daily IDCW,10.4302
2026-08-12,120430,JM Medium to Long Duration Fund (Direct) - Growth Option,72.6006
2026-08-12,120431,JM Medium to Long Duration Fund (Direct) - Quarterly IDCW,25.6539
2026-08-12,120432,JM Dynamic Bond Fund (Direct) - Daily IDCW,10.1086
2026-08-12,120433,JM Dynamic Bond Fund (Direct) - Weekly IDCW,10.5583
2026-08-12,120434,JM Dynamic Bond Fund (Direct) - IDCW,46.8357
2026-08-12,120435,JM Dynamic Bond Fund - (Direct) - Growth Option,46.5853
2026-08-12,120481,JM Arbitrage Fund (Direct)- IDCW,17.5492
2026-08-12,120482,JM Arbitrage Fund (Direct) - Growth Option,37.2408
2026-08-12,120483,JM Aggressive Hybrid Fund (Direct) - IDCW,78.1122
2026-08-12,120484,JM Aggressive Hybrid Fund (Direct) - Growth Option,141.6818
2026-08-12,120485,JM Value Fund (Direct) - IDCW,75.2093
2026-08-12,120486,JM Value Fund (Direct) - Growth Option,110.3845
2026-08-12,120487,JM Focused Fund (Direct) -  IDCW,24.2161
2026-08-12,120488,JM Focused Fund (Direct)  - Growth Option,24.7096
2026-08-12,120489,JM Large Cap Fund (Direct) - IDCW,73.197
2026-08-12,120490,JM Large Cap Fund (Direct) - Growth Option,182.3141
2026-08-12,120491,JM Flexicap Fund (Direct) - IDCW,106.5447
2026-08-12,120492,JM Flexicap Fund (Direct) - Growth Option,117.2173
2026-08-12,120493,JM ELSS Tax Saver Fund (Direct) - IDCW,60.0383
2026-08-12,120494,JM ELSS Tax Saver Fund (Direct) - Growth Option,61.5559
2026-08-12,126685,CANARA ROBECO CORPORATE BOND FUND - DIRECT PLAN - GROWTH OPTION,24.6981
2026-08-12,126686,CANARA ROBECO CORPORATE BOND FUND - DIRECT PLAN - IDCW (Payout/Reinvestment),12.4960
2026-08-12,126687,CANARA ROBECO CORPORATE BOND FUND - REGULAR PLAN - GROWTH OPTION,22.8861
2026-08-12,126688,CANARA ROBECO CORPORATE BOND FUND - REGULAR PLAN - IDCW (Payout/Reinvestment),11.6031
2026-08-12,130603,JM Arbitrage Fund (Regular) - Bonus Option - Principal Units,18.8426
2026-08-12,130604,JM Arbitrage Fund (Direct) - Bonus Option - Principal Units,19.9293
2026-08-12,130904,JM Aggressive Hybrid Fund (Direct) - Annual Bonus Option,141.9138
2026-08-12,131476,JM Aggressive Hybrid Fund (Regular) - Annual IDCW,33.8739
2026-08-12,131477,JM Aggressive Hybrid Fund (Direct) - Annual IDCW,47.8055
2026-08-12,133390,JM Dynamic Bond Fund (Regular) - Monthly IDCW,43.7528
2026-08-12,133395,JM Arbitrage Fund (Direct) - Annual Bonus Option - Principal Units,19.1283
2026-08-12,133402,JM Aggressive Hybrid Fund (Direct) - Half Yearly IDCW,101.9495
2026-08-12,133404,JM Aggressive Hybrid Fund (Regular) - Monthly IDCW,88.3219
2026-08-12,133405,JM Aggressive Hybrid Fund (Regular) - Quarterly IDCW,31.5241
2026-08-12,133406,JM Aggressive Hybrid Fund (Direct) - Quarterly IDCW,35.8474
2026-08-12,133408,JM Aggressive Hybrid Fund (Regular) - Half Yearly IDCW,89.0299
2026-08-12,133412,JM Aggressive Hybrid Fund (Direct) - Monthly IDCW,101.9195
2026-08-12,133414,JM Dynamic Bond Fund (Direct) - Monthly IDCW,47.1946
2026-08-12,134954,JM Large Cap Fund (Regular) - Quarterly IDCW,35.3754
2026-08-12,134955,JM Large Cap Fund (Regular) - Half Yearly IDCW,25.6971
2026-08-12,134956,JM Large Cap Fund (Direct) - Monthly IDCW,74.418
2026-08-12,134957,JM Large Cap Fund (Direct) - Half Yearly IDCW,74.5736
2026-08-12,134958,JM Large Cap Fund (Direct) - Annual IDCW,75.0985
2026-08-12,134959,JM Large Cap Fund (Regular) - Monthly IDCW,24.3568
2026-08-12,134960,JM Large Cap Fund (Direct) - Quarterly IDCW,75.1119
2026-08-12,134961,JM Large Cap Fund (Regular) - Annual IDCW,31.2919
2026-08-12,135167,JM Arbitrage Fund (Regular) - Annual IDCW,15.3126
2026-08-12,135168,JM Arbitrage Fund (Regular) - Monthly IDCW,13.6268
2026-08-12,135169,JM Arbitrage Fund (Regular) - Quarterly IDCW,15.6523
2026-08-12,135170,JM Arbitrage Fund (Regular) - Half Yearly IDCW,15.4238
2026-08-12,135171,JM Arbitrage Fund (Direct) - Half Yearly IDCW,17.2258
2026-08-12,135172,JM Arbitrage Fund (Direct) - Monthly IDCW,15.0383
2026-08-12,135173,JM Arbitrage Fund (Direct) - Annual IDCW,16.9469
2026-08-12,135174,JM Arbitrage Fund (Direct) - Quarterly IDCW,17.6963
2026-08-12,139235,Canara Robeco Liquid Fund -Unclaimed Redemption and Dividend Plan -Direct Growth Option,1848.3041
2026-08-12,139617,Taurus Unclaimed Redemption - Growth,17.7351
2026-08-12,139618,Taurus Investor Education Pool - Unclaimed Redemption - Growth,10.0000
2026-08-12,139619,Taurus Investor Education Pool - Unclaimed Dividend - Growth,10.0000
2026-08-12,140530,CANARA ROBECO ULTRA SHORT TERM FUND- REGULAR PLAN - IDCW (Payout),1548.0539
2026-08-12,143603,JM Low Duration Fund (Regular) - Daily IDCW,10.82
2026-08-12,143604,JM Low Duration Fund (Direct) - Daily IDCW,10.85
2026-08-12,143605,JM Low Duration Fund (Regular) - Fortnightly IDCW,11.0821
2026-08-12,143606,JM Low Duration Fund (Direct) - Fortnightly IDCW,11.1223
2026-08-12,143607,JM Low Duration Fund (Regular) - Growth Option,39.5694
2026-08-12,143608,JM Low Duration Fund (Regular) - Weekly IDCW,11.4122
2026-08-12,143609,JM Low Duration Fund - Bonus Option - Principal Units,23.8396
2026-08-12,143610,JM Low Duration Fund (Direct) - Bonus Option - Principal Units,24.6072
2026-08-12,143611,JM Low Duration Fund (Direct) - Weekly IDCW,11.4523
2026-08-12,143612,JM Low Duration Fund (Direct) - Growth,40.8691
2026-08-12,146127,CANARA ROBECO SMALL CAP FUND - REGULAR PLAN - GROWTH OPTION,41.3700
2026-08-12,146128,CANARA ROBECO SMALL CAP FUND - REGULAR PLAN - IDCW (Payout/Reinvestment),35.4200
2026-08-12,146130,CANARA ROBECO SMALL CAP FUND - DIRECT PLAN - GROWTH OPTION,46.2900
2026-08-12,146131,CANARA ROBECO SMALL CAP FUND - DIRECT PLAN - IDCW (Payout/Reinvestment),40.0900
2026-08-12,146769,HSBC Large & Mid Cap Fund - Regular IDCW,20.9866
2026-08-12,146770,HSBC Large & Mid Cap Fund - Direct IDCW,23.3269
2026-08-12,146771,HSBC Large & Mid Cap Fund - Regular Growth,30.3064
2026-08-12,146772,HSBC Large & Mid Cap Fund - Direct Growth,33.5054
2026-08-12,147287,HSBC Overnight Fund - Direct Growth,1436.1462
2026-08-12,147288,HSBC Overnight Fund - Regular Weekly IDCW,1000.1748
2026-08-12,147289,HSBC Overnight Fund - Regular Daily IDCW,1000.0149
2026-08-12,147290,HSBC Overnight Fund - Regular Growth,1423.7333
2026-08-12,147291,HSBC Overnight Fund - Direct Daily IDCW,1000.0149
2026-08-12,147296,HSBC Overnight Fund - Direct Weekly IDCW,1000.1638
2026-08-12,147300,HSBC Overnight Fund - Direct Monthly IDCW,1002.2209
2026-08-12,147301,HSBC Overnight Fund - Regular Monthly IDCW,1002.1846
2026-08-12,147531,CANARA ROBECO OVERNIGHT FUND - DIRECT PLAN - GROWTH OPTION,1416.6752
2026-08-12,147532,CANARA ROBECO OVERNIGHT FUND - DIRECT PLAN - DAILY IDCW (Reinvestment),1001.0012
2026-08-12,147533,CANARA ROBECO OVERNIGHT FUND - REGULAR PLAN - DAILY IDCW (Reinvestment),1001.0000
2026-08-12,147534,CANARA ROBECO OVERNIGHT FUND - REGULAR PLAN - GROWTH OPTION,1415.0714
2026-08-12,147834,JM Overnight Fund (Regular) - Weekly IDCW,1000.1395
2026-08-12,147835,JM Overnight Fund (Direct) - Weekly IDCW,1000.1394
2026-08-12,147836,JM Overnight Fund (Regular) - Growth,1383.5687
2026-08-12,147837,JM Overnight Fund - (Direct) - Growth,1390.0451
2026-08-12,147838,JM Overnight Fund (Direct) - Daily IDCW,1000
2026-08-12,147839,JM Overnight Fund (Regular) - Daily IDCW,1000
2026-08-12,147907,HSBC Ultra Short Duration Fund - Regular Growth,1451.9592
2026-08-12,147908,HSBC Ultra Short Duration Fund - Direct Growth,1474.5226
2026-08-12,147909,HSBC Ultra Short Duration Fund - Regular Daily IDCW,1031.7278
2026-08-12,147910,HSBC Ultra Short Duration Fund - Direct Daily IDCW,1079.9409
2026-08-12,147911,HSBC Ultra Short Duration Fund - Regular Weekly IDCW,1041.4489
2026-08-12,147912,HSBC Ultra Short Duration Fund - Direct Weekly IDCW,1007.3498
2026-08-12,147915,HSBC Ultra Short Duration Fund - Direct Monthly IDCW,1015.0794
2026-08-12,147916,HSBC Ultra Short Duration Fund - Regular Monthly IDCW,1030.6471
2026-08-12,148409,HSBC Focused Fund - Regular Growth,27.4955
2026-08-12,148410,HSBC Focused Fund - Regular IDCW,17.7603
2026-08-12,148411,HSBC Focused Fund - Direct Growth,29.8602
2026-08-12,148412,HSBC Focused Fund - Direct IDCW,22.1552
2026-08-12,148413,JM Liquid Fund - Unclaimed Brokerage I.E.F. (Direct) - Growth Plan,41.4437
2026-08-12,148414,JM Liquid Fund - Unclaimed Application Refund Amount I.E.F. (Direct) - Growth Plan,41.4437
2026-08-12,148882,Canara Robeco Focused Fund - Direct Plan - IDCW (Payout/Reinvestment),18.5400
2026-08-12,148883,Canara Robeco Focused Fund - Direct Plan - Growth Option,21.8100
2026-08-12,148884,Canara Robeco Focused Fund - Regular Plan - Growth Option,20.1100
2026-08-12,148885,Canara Robeco Focused Fund - Regular Plan - IDCW (Payout/Reinvestment),17.0300
2026-08-12,149085,Canara Robeco Value Fund - Direct Plan - Growth Option,19.7800
2026-08-12,149086,Canara Robeco Value Fund - Direct Plan - IDCW (Payout/Reinvestment),17.6600
2026-08-12,149087,Canara Robeco Value Fund - Regular Plan - IDCW (Payout/Reinvestment),16.3600
2026-08-12,149088,Canara Robeco Value Fund - Regular Plan - Growth Option,18.3100
2026-08-12,149826,JM Overnight Fund - (Direct) - Unclaimed Redemption I.E.F. - Growth Plan,1073.9936
2026-08-12,149827,JM Overnight Fund - (Direct) - Unclaimed IDCW I.E.F. - Growth Plan,1073.9936
2026-08-12,149828,JM Overnight Fund - (Direct) - Unclaimed IDCW - Growth Plan,1395.3441
2026-08-12,149829,JM Overnight Fund - (Direct) - Unclaimed Redemption - Growth Plan,1390.0655
2026-08-12,149962,HSBC CRISIL IBX 50:50 Gilt Plus SDL Apr 2028 Index Fund - Direct - Payout of IDCW,13.3396
2026-08-12,149963,HSBC CRISIL IBX 50:50 Gilt Plus SDL Apr 2028 Index Fund - Regular - Growth,13.2351
2026-08-12,149964,HSBC CRISIL IBX 50:50 Gilt Plus SDL Apr 2028 Index Fund - Regular - payout of IDCW,13.235
2026-08-12,149966,HSBC CRISIL IBX 50:50 Gilt Plus SDL Apr 2028 Index Fund - Direct - Growth,13.3397
2026-08-12,150499,HSBC Overnight Fund - Unclaimed IDCW Below three years,1274.5682
2026-08-12,150500,HSBC Overnight Fund - Unclaimed Redemption above three years,1000
2026-08-12,150501,HSBC Overnight Fund - Unclaimed IDCW Above three years,1000
2026-08-12,150502,HSBC Overnight Fund - Unclaimed Redemption Below three years,1274.588
2026-08-12,150503,Canara Robeco Banking and PSU Debt Fund- Regular Plan- Growth Option,12.7720
2026-08-12,150504,Canara Robeco Banking and PSU Debt Fund- Regular Plan- IDCW (Payout/ Reinvestment),10.7161
2026-08-12,150505,Canara Robeco Banking and PSU Debt Fund- Direct Plan- Growth Option,12.9270
2026-08-12,150507,Canara Robeco Banking and PSU Debt Fund- Direct Plan- IDCW Payout,10.8370
2026-08-12,150542,JM Short Duration Fund (Regular) - Growth,12.7258
2026-08-12,150543,JM Short Duration Fund (Regular) - IDCW,12.7264
2026-08-12,150544,JM Short Duration Fund (Direct) - IDCW,13.1265
2026-08-12,150545,JM Short Duration Fund (Direct) - Growth,13.1261
2026-08-12,150812,JM Midcap Fund (Regular) - Growth,21.5109
2026-08-12,150813,JM Midcap Fund (Regular) - IDCW,21.5109
2026-08-12,150814,JM Midcap Fund (Direct) - IDCW,22.935
2026-08-12,150815,JM Midcap Fund (Direct) - Growth,22.9351
2026-08-12,150816,Canara Robeco Mid Cap Fund- Regular Plan- Growth Option,18.5800
2026-08-12,150817,Canara Robeco Mid Cap Fund- Direct Plan- Growth Option,19.5500
2026-08-12,150818,Canara Robeco Mid Cap Fund- Direct Plan- IDCW,18.0100
2026-08-12,150819,Canara Robeco Mid Cap Fund- Regular Plan- IDCW,17.0900
2026-08-12,150992,HSBC Corporate Bond Fund - Regular Growth,77.8708
2026-08-12,150993,HSBC Corporate Bond Fund - Regular Quarterly IDCW,10.9073
2026-08-12,150994,HSBC Corporate Bond Fund - Regular Semi Annual IDCW,16.7644
2026-08-12,150995,HSBC Corporate Bond Fund -Regular Plan - Bonus,29.5795
2026-08-12,150996,HSBC Corporate Bond Fund - Direct Growth,83.2056
2026-08-12,150997,HSBC Corporate Bond Fund - Direct Semi Annual IDCW,20.1111
2026-08-12,150998,HSBC Corporate Bond Fund - Direct Quarterly IDCW,11.3301
2026-08-12,151000,HSBC Corporate Bond Fund - Direct Annual IDCW,11.8187
2026-08-12,151001,HSBC Corporate Bond Fund - Regular Annual IDCW,11.5267
2026-08-12,151012,HSBC Gilt Fund - Regular Quarterly IDCW,10.2963
2026-08-12,151013,HSBC Gilt Fund - Regular Growth,67.3413
2026-08-12,151014,HSBC Gilt Fund - Direct Growth,78.1736
2026-08-12,151015,HSBC Gilt Fund - Direct Quarterly IDCW,12.0692
2026-08-12,151033,HSBC Midcap Fund - Regular IDCW,89.0855
2026-08-12,151034,HSBC Midcap Fund - Regular Growth,474.5587
2026-08-12,151035,HSBC Midcap Fund - Direct IDCW,103.5302
2026-08-12,151036,HSBC Midcap Fund - Direct Growth,542.4377
2026-08-12,151037,HSBC Infrastructure Fund - Regular Growth,50.9743
2026-08-12,151038,HSBC Infrastructure Fund - Regular IDCW,36.933
2026-08-12,151039,HSBC Infrastructure Fund - Direct IDCW,41.5437
2026-08-12,151040,HSBC Infrastructure Fund - Direct Growth,57.9452
2026-08-12,151041,HSBC Credit Risk Fund- Regular Plan - Bonus,33.9234
2026-08-12,151042,HSBC Credit Risk Fund - Regular IDCW,11.2416
2026-08-12,151043,HSBC Credit Risk Fund - Regular Growth,34.4687
2026-08-12,151044,HSBC Credit Risk Fund - Direct IDCW,12.3472
2026-08-12,151045,HSBC Credit Risk Fund - Direct Growth,37.6559
2026-08-12,151046,HSBC Credit Risk Fund - Regular Annual IDCW,12.4996
2026-08-12,151047,HSBC Credit Risk Fund - Direct Annual IDCW,13.6576
2026-08-12,151048,HSBC Money Market Fund - Regular Growth,28.3069
2026-08-12,151049,HSBC Money Market Fund - Regular Daily IDCW,10.8591
2026-08-12,151050,HSBC Money Market Fund - Regular Weekly IDCW,13.0939
2026-08-12,151051,HSBC Money Market Fund - Regular Monthly IDCW,11.5821
2026-08-12,151052,HSBC Money Market Fund - Direct Monthly IDCW,12.235
2026-08-12,151053,HSBC Money Market Fund - Direct Weekly IDCW,13.1808
2026-08-12,151054,HSBC Money Market Fund - Direct Growth,29.7514
2026-08-12,151055,HSBC Money Market Fund - Direct Daily IDCW,10.8591
2026-08-12,151056,HSBC Equity Savings Fund - Regular Monthly IDCW,15.5595
2026-08-12,151057,HSBC Equity Savings Fund - Regular Quarterly IDCW,16.5855
2026-08-12,151058,HSBC Equity Savings Fund - Regular Growth,36.9669
2026-08-12,151059,HSBC Equity Savings Fund - Direct Quarterly IDCW,18.492
2026-08-12,151060,HSBC Equity Savings Fund - Direct Growth,41.3825
2026-08-12,151061,HSBC Equity Savings Fund - Direct Monthly IDCW,17.7775
2026-08-12,151062,HSBC Short Duration Fund - Bonus,28.1788
2026-08-12,151063,HSBC Short Duration Fund -  Regular Plan - Monthly IDCW,11.0855
2026-08-12,151064,HSBC Short Duration Fund - Regular Quarterly IDCW,10.4217
2026-08-12,151065,HSBC Short Duration Fund - Regular Growth,28.1799
2026-08-12,151067,HSBC Short Duration Fund - Direct Growth,29.983
2026-08-12,151068,HSBC Short Duration Fund - Direct Plan -  Monthly IDCW,11.7587
2026-08-12,151069,HSBC Short Duration Fund - Direct Quarterly IDCW,11.2839
2026-08-12,151070,HSBC Short Duration Fund - Direct Annual IDCW,12.2584
2026-08-12,151071,HSBC Short Duration Fund - Regular Annual IDCW,11.6697
2026-08-12,151076,HSBC ELSS Tax saver Fund - Regular Growth,144.0448
2026-08-12,151077,HSBC ELSS Tax saver Fund - Regular IDCW Payout,27.7458
2026-08-12,151078,HSBC ELSS Tax saver Fund - Direct Growth,158.2666
2026-08-12,151079,HSBC ELSS Tax saver Fund - Direct IDCW Payout,40.9556
2026-08-12,151084,HSBC Dynamic Bond Fund - Regular Growth,30.9012
2026-08-12,151085,HSBC Dynamic Bond Fund - Regular Monthly IDCW,10.7056
2026-08-12,151086,HSBC Dynamic Bond Fund - Direct Monthly IDCW,12.7513
2026-08-12,151087,HSBC Dynamic Bond Fund - Direct Growth,33.6346
2026-08-12,151088,HSBC Dynamic Bond Fund - Direct Annual IDCW,10.8877
2026-08-12,151089,HSBC Dynamic Bond Fund - Regular Annual IDCW,10.3293
2026-08-12,151102,HSBC Banking and PSU Debt Fund - Regular Daily IDCW,11.1144
2026-08-12,151103,HSBC Banking and PSU Debt Fund - Regular Weekly IDCW,10.3198
2026-08-12,151104,HSBC Banking and PSU Debt Fund - Regular Growth,25.7848
2026-08-12,151105,HSBC Banking and PSU Debt Fund - Regular Monthly IDCW,10.3925
2026-08-12,151106,HSBC Banking and PSU Debt Fund - Direct Monthly IDCW,11.2079
2026-08-12,151107,HSBC Banking and PSU Debt Fund - Direct Growth,27.2602
2026-08-12,151108,HSBC Banking and PSU Debt Fund - Direct Daily IDCW,11.1893
2026-08-12,151109,HSBC Banking and PSU Debt Fund - Direct Weekly IDCW,10.3469
2026-08-12,151110,HSBC Value Fund - Regular Growth,115.9303
2026-08-12,151111,HSBC Value Fund - Regular IDCW,50.241
2026-08-12,151112,HSBC Value Fund - Direct IDCW,64.7024
2026-08-12,151113,HSBC Value Fund - Direct Growth,130.7461
2026-08-12,151114,HSBC Low Duration Fund - Regular Growth,30.6791
2026-08-12,151115,HSBC Low Duration Fund - Regular Monthly IDCW,10.3747
2026-08-12,151116,HSBC Low Duration Fund - Direct Monthly IDCW,11.0895
2026-08-12,151117,HSBC Low Duration Fund - Direct Growth,32.5319
2026-08-12,151118,HSBC Low Duration Fund - Direct Annual IDCW,10.5863
2026-08-12,151119,HSBC Low Duration Fund - Regular Annual IDCW,10.3948
2026-08-12,151120,HSBC Aggressive Hybrid Fund - Regular Growth,59.8641
2026-08-12,151121,HSBC Aggressive Hybrid Fund - Regular IDCW,28.241
2026-08-12,151122,HSBC Aggressive Hybrid Fund - Direct Growth,68.7773
2026-08-12,151123,HSBC Aggressive Hybrid Fund - Direct IDCW,34.085
2026-08-12,151124,HSBC Aggressive Hybrid Fund - Regular Annual IDCW,17.4829
2026-08-12,151125,HSBC Aggressive Hybrid Fund - Direct Annual IDCW,19.8392
2026-08-12,151126,HSBC Balanced Advantage Fund - Regular IDCW,18.5449
2026-08-12,151127,HSBC Balanced Advantage Fund - Regular Growth,44.6267
2026-08-12,151128,HSBC Balanced Advantage Fund - Direct IDCW,22.3407
2026-08-12,151129,HSBC Balanced Advantage Fund - Direct Growth,52.427
2026-08-12,151130,HSBC Small Cap Fund - Direct Growth,101.0786
2026-08-12,151131,HSBC Small Cap Fund - Regular IDCW,40.7211
2026-08-12,151132,HSBC Small Cap Fund - Direct IDCW,47.9978
2026-08-12,151133,HSBC Small Cap Fund - Regular Growth,89.9865
2026-08-12,151134,HSBC Arbitrage Fund - Regular Growth,20.2625
2026-08-12,151135,HSBC Arbitrage Fund - Direct Monthly IDCW,10.2767
2026-08-12,151136,HSBC Arbitrage Fund - Direct Quarterly IDCW,10.8485
2026-08-12,151137,HSBC Arbitrage Fund - Regular Quarterly IDCW,10.7148
2026-08-12,151138,HSBC Arbitrage Fund - Direct Growth,21.8276
2026-08-12,151140,HSBC Arbitrage Fund - Regular Monthly IDCW,10.2786
2026-08-12,151142,HSBC Business Cycles Fund - Direct Growth,49.2232
2026-08-12,151143,HSBC Business Cycles Fund - Regular IDCW,25.5952
2026-08-12,151144,HSBC Business Cycles Fund - Regular Growth,44.1636
2026-08-12,151145,HSBC Business Cycles Fund - Direct IDCW,28.3715
2026-08-12,151146,HSBC Medium Duration Fund - Direct Growth,23.9411
2026-08-12,151147,HSBC Medium Duration Fund - Regular IDCW,10.6346
2026-08-12,151148,HSBC Medium Duration Fund - Direct IDCW,11.5828
2026-08-12,151149,HSBC Medium Duration Fund - Regular Growth,21.7755
2026-08-12,151150,HSBC Medium Duration Fund - Direct Annual IDCW,11.7319
2026-08-12,151151,HSBC Medium Duration Fund - Regular Annual IDCW,10.6252
2026-08-12,151156,HSBC NIFTY 50 INDEX FUND - Direct IDCW,28.944
2026-08-12,151157,HSBC NIFTY 50 INDEX FUND - Direct Growth,28.9441
2026-08-12,151158,HSBC NIFTY 50 INDEX FUND - Regular Growth,28.4099
2026-08-12,151159,HSBC NIFTY 50 INDEX FUND - Regular IDCW,28.4099
2026-08-12,151160,HSBC NIFTY NEXT 50 INDEX FUND - Direct Growth,32.8075
2026-08-12,151161,HSBC NIFTY NEXT 50 INDEX FUND - Regular IDCW,31.9148
2026-08-12,151162,HSBC NIFTY NEXT 50 INDEX FUND - Regular Growth,31.9147
2026-08-12,151163,HSBC NIFTY NEXT 50 INDEX FUND - Direct IDCW,32.8076
2026-08-12,151289,HSBC Multi Cap Fund - Regular - Growth,20.4902
2026-08-12,151290,HSBC Multi Cap Fund - Direct - Growth,21.4548
2026-08-12,151291,HSBC Multi Cap Fund - Direct - IDCW,20.7233
2026-08-12,151292,HSBC Multi Cap Fund - Regular - IDCW,16.8441
2026-08-12,151479,HSBC CRISIL IBX Gilt June 2027 Index Fund - Direct - Growth,12.7527
2026-08-12,151480,HSBC CRISIL IBX Gilt June 2027 Index Fund - Regular - Growth,12.6439
2026-08-12,151481,HSBC CRISIL IBX Gilt June 2027 Index Fund - Regular - IDCW,12.644
2026-08-12,151482,HSBC CRISIL IBX Gilt June 2027 Index Fund - Direct - IDCW,12.7529
2026-08-12,151821,Canara Robeco Multi Cap Fund - Regular Plan - Growth Option,15.1800
2026-08-12,151822,Canara Robeco Multi Cap Fund - Direct Plan - IDCW Option,14.1700
2026-08-12,151823,Canara Robeco Multi Cap Fund - Regular Plan - IDCW Option,13.5600
2026-08-12,151824,Canara Robeco Multi Cap Fund - Direct Plan - Growth Option,15.8600
2026-08-12,151961,LIC MF Gold Exchange Traded Fund,137.1377
2026-08-12,152027,HSBC Consumption Fund - Regular Growth,15.4186
2026-08-12,152028,HSBC Consumption Fund - Direct IDCW,16.0407
2026-08-12,152030,HSBC Consumption Fund - Regular IDCW,15.4186
2026-08-12,152032,HSBC Consumption Fund - Direct Growth,16.0408
2026-08-12,152156,Zerodha Nifty LargeMidcap 250 Index Fund - Direct Plan - Growth option,14.6791
2026-08-12,152157,Zerodha ELSS Tax Saver Nifty LargeMidcap 250 Index Fund - Direct Plan - Growth option,14.7100
2026-08-12,152327,Zerodha Nifty 1D Rate Liquid ETF - Growth Option,115.4290
2026-08-12,152378,HSBC Multi Asset Allocation Fund - Regular - Growth,14.0614
2026-08-12,152379,HSBC Multi Asset Allocation Fund - Regular - IDCW,12.8369
2026-08-12,152380,HSBC Multi Asset Allocation Fund - Direct - Growth,14.5388
2026-08-12,152381,HSBC Multi Asset Allocation Fund - Direct - IDCW,14.1712
2026-08-12,152447,Canara Robeco Manufacturing Fund - Regular Plan - Growth Option,14.2000
2026-08-12,152448,Canara Robeco Manufacturing Fund -Regular Plan - IDWC Option,14.1900
2026-08-12,152449,Canara Robeco Manufacturing Fund - Direct Plan - IDWC Option,14.6700
2026-08-12,152450,Canara Robeco Manufacturing Fund - Direct Plan - Growth Option,14.6700
2026-08-12,152612,JM Small Cap Fund (Regular) - Growth Option,11.538
2026-08-12,152613,JM Small Cap Fund (Regular) - IDCW Option,11.5381
2026-08-12,152614,JM Small Cap Fund (Direct) - Growth Option,11.9587
2026-08-12,152615,JM Small Cap Fund (Direct) - IDCW Option,11.959
2026-08-12,152667,Zerodha Nifty 100 ETF,10.7619
2026-08-12,152668,Zerodha Nifty Midcap 150 ETF,11.8376
2026-08-12,152688,Canara Robeco Balanced Advantage Fund - Direct Plan - Growth Option,10.7000
2026-08-12,152689,Canara Robeco Balanced Advantage Fund - Direct Plan - IDCW Option,10.6000
2026-08-12,152690,Canara Robeco Balanced Advantage Fund - Regular Plan - Growth Option,10.4000
2026-08-12,152691,Canara Robeco Balanced Advantage Fund - Regular Plan - IDCW Option,10.2900
2026-08-12,152829,HSBC India Export Opportunities Fund - Direct Growth,12.0088
2026-08-12,152830,HSBC India Export Opportunities Fund - Regular Growth,11.704
2026-08-12,152831,HSBC India Export Opportunities Fund - Direct IDCW,12.0087
2026-08-12,152832,HSBC India Export Opportunities Fund - Regular IDCW,11.7041
2026-08-12,153011,Zerodha Gold ETF FoF-Direct Plan - Growth Option,19.9918
2026-08-12,153266,HSBC Financial Services Fund - Direct Growth,12.9421
2026-08-12,153267,HSBC Financial Services Fund - Regular Growth,12.6726
2026-08-12,153268,HSBC Financial Services Fund - Regular IDCW,12.6726
2026-08-12,153269,HSBC Financial Services Fund - Direct IDCW,12.9418
2026-08-12,153330,ANGEL ONE NIFTY TOTAL MARKET INDEX FUND DIRECT PLAN GROWTH OPTION,12.0846
2026-08-12,153331,ANGEL ONE NIFTY TOTAL MARKET INDEX FUND REGULAR PLAN GROWTH OPTION,11.9543
2026-08-12,153332,ANGEL ONE NIFTY TOTAL MARKET ETF,12.0973
2026-08-12,153376,Unifi Dynamic Asset Allocation Fund - Direct Growth,11.2091
2026-08-12,153377,Unifi Dynamic Asset Allocation Fund - Regular Growth,11.1154
2026-08-12,153436,Zerodha Overnight Fund - Direct Plan - Growth Option,10.7365
2026-08-12,153451,ANGEL ONE NIFTY 1D RATE LIQUID ETF - GROWTH,1072.1998
2026-08-12,153465,Canara Robeco Multi Asset Allocation Fund - Direct Plan - Growth,11.5900
2026-08-12,153466,Canara Robeco Multi Asset Allocation Fund - Regular Plan - Growth,11.3800
2026-08-12,153467,Canara Robeco Multi Asset Allocation Fund - Regular Plan - IDCW,11.3800
2026-08-12,153468,Canara Robeco Multi Asset Allocation Fund - Direct Plan - IDCW,11.6000
2026-08-12,153529,ANGEL ONE NIFTY 50 INDEX FUND-DIRECT-GROWTH,10.0697
2026-08-12,153530,ANGEL ONE NIFTY 50 INDEX FUND-REGULAR-GROWTH,10.0087
2026-08-12,153531,ANGEL ONE NIFTY 50 ETF,10.0988
2026-08-12,153542,Unifi Flexi Cap Fund - Regular Growth,10.6378
2026-08-12,153543,Unifi Flexi Cap Fund - Direct Growth,10.8027
2026-08-12,153570,Unifi Liquid Fund- Direct Growth,1070.8065
2026-08-12,153571,Unifi Liquid Fund- Regular Growth,1069.9917
2026-08-12,153627,JM Large & Mid Cap Fund (Regular) - Growth Option,10.8323
2026-08-12,153628,JM Large & Mid Cap Fund (Regular) - IDCW,10.8323
2026-08-12,153629,JM Large & Mid Cap Fund (Direct) - Growth Option,11.0288
2026-08-12,153630,JM Large & Mid Cap Fund (Direct) - IDCW,11.0288
2026-08-12,153656,Zerodha Silver ETF FoF - Direct Growth,21.5243
2026-08-12,153757,Zerodha Multi Asset Passive FoF - Direct - Growth,11.7097
2026-08-12,153811,Zerodha Nifty 8-13 Yr G-Sec ETF,30.6213
2026-08-12,153827,ANGEL ONE GOLD ETF FOF- DIRECT GROWTH,13.8893
2026-08-12,153828,ANGEL ONE GOLD ETF FOF - REGULAR GROWTH,13.8255
2026-08-12,153837,Zerodha Nifty Smallcap 100 ETF,11.2658
2026-08-12,153905,Zerodha Nifty 50 ETF,9.8159
2026-08-12,153906,Zerodha Nifty 50 Index Fund - Direct Plan - Growth,9.7810
2026-08-12,153932,Zerodha BSE SENSEX Index Fund,9.4118
2026-08-12,153955,ANGEL ONE NIFTY TOTAL MARKET MOMENTUM QUALITY 50 INDEX FUND - REGULAR GROWTH,10.4171
2026-08-12,153956,ANGEL ONE NIFTY TOTAL MARKET MOMENTUM QUALITY 50 INDEX FUND - DIRECT GROWTH,10.4695
2026-08-12,153957,ANGEL ONE NIFTY TOTAL MARKET MOMENTUM QUALITY 50 ETF,10.4765
2026-08-12,154109,Zerodha Nifty Short Duration G-Sec Index Fund - Direct Plan - Growth Option,1028.3950
2026-08-12,154206,ANGEL ONE SILVER ETF FOF -DIRECT GROWTH,8.1842
2026-08-12,154207,ANGEL ONE SILVER ETF FOF -REGULAR GROWTH,8.1658
2026-08-12,154248,Canara Robeco Banking and Financials Services Fund - Regular Plan - Growth,11.1100
2026-08-12,154249,Canara Robeco Banking and Financials Services Fund - Regular Plan - IDCW,11.1100
2026-08-12,154250,Canara Robeco Banking and Financials Services Fund - Direct Plan - Growth,11.1900
2026-08-12,154251,Canara Robeco Banking and Financials Services Fund - Direct Plan - IDCW,11.1900
2026-08-12,154294,HSBC Gold ETF,132.3886
2026-08-12,154306,Zerodha Nifty MidSmallcap400 50:50 Index Fund - Direct Plan - Growth Option,11.5171
2026-08-12,154321,Zerodha Nifty LargeMidcap250 Plus 8-13 Yr G-Sec 70:30 Index Fund - Direct Plan - Growth Option,10.3793
2026-08-12,154413,Choice Overnight Fund - Growth Option - Direct Plan,100.5555
2026-08-12,154414,Choice Overnight Fund - Daily IDCW Option - Regular Plan,100.1000
2026-08-12,154415,Choice Overnight Fund - Growth Option - Regular Plan,100.5439
2026-08-12,154416,Choice Overnight Fund - Daily IDCW Option - Direct Plan,100.1000
2026-08-12,154421,JM Multi Asset Allocation Fund (Direct) - IDCW,10.4274
2026-08-12,154422,JM Multi Asset Allocation Fund (Regular) - IDCW,10.4132
2026-08-12,154423,JM Multi Asset Allocation Fund (Direct) - Growth Option,10.4274
2026-08-12,154424,JM Multi Asset Allocation Fund (Regular) - Growth Option,10.4132
2026-08-12,154436,Zerodha Life Cycle Fund 2036 - Direct - Growth,10.1718
2026-08-12,154437,Zerodha Life Cycle Fund 2041 - Direct - Growth,10.1867
2026-08-12,154538,Franklin India Short Term Fund - Direct - IDCW,10.0000
2026-08-12,154539,Franklin India Short Term Fund- IDCW,10.0000
2026-08-12,154540,Franklin India Short Term Fund- Growth,10.0000
2026-08-12,154541,Franklin India Short Term Fund - Direct - Growth,10.0000
